"Y","L","X","K","weight_type","association_type","estimate","variance","se","lower_95","upper_95"
"maxCAL","Cal>=3","DS","DS","no_weight","pearson",0.125084901316303,3.57539723899768e-05,0.00597946255026125,0.113365370070885,0.136804432561721
"maxCAL","Cal>=3","FS","FS","no_weight","pearson",0.0898151918640327,2.71422126531555e-05,0.00520981886951509,0.0796041345138059,0.100026249214259
"maxCAL","Cal>=3","DSI","DSI","no_weight","pearson",0.0944591053170394,3.91004634743482e-05,0.00625303634039882,0.0822033792958376,0.106714831338241
"maxCAL","Cal>=3","FSI","FSI","no_weight","pearson",0.0521658515331254,2.38433923458737e-05,0.00488296962368943,0.0425954069330911,0.0617362961331598
"maxCAL","Cal>=4","DS","DS","no_weight","pearson",0.125084901316303,3.57539723899768e-05,0.00597946255026125,0.113365370070885,0.136804432561721
"maxCAL","Cal>=4","FS","FS","no_weight","pearson",0.0898151918640327,2.71422126531555e-05,0.00520981886951509,0.0796041345138059,0.100026249214259
"maxCAL","Cal>=4","DSI","DSI","no_weight","pearson",0.0944591053170394,3.91004634743482e-05,0.00625303634039882,0.0822033792958376,0.106714831338241
"maxCAL","Cal>=4","FSI","FSI","no_weight","pearson",0.0521658515331254,2.38433923458737e-05,0.00488296962368943,0.0425954069330911,0.0617362961331598
"maxCAL","Cal>=5","DS","DS","no_weight","pearson",0.125084901316303,3.57539723899768e-05,0.00597946255026125,0.113365370070885,0.136804432561721
"maxCAL","Cal>=5","FS","FS","no_weight","pearson",0.0898151918640327,2.71422126531555e-05,0.00520981886951509,0.0796041345138059,0.100026249214259
"maxCAL","Cal>=5","DSI","DSI","no_weight","pearson",0.0944591053170394,3.91004634743482e-05,0.00625303634039882,0.0822033792958376,0.106714831338241
"maxCAL","Cal>=5","FSI","FSI","no_weight","pearson",0.0521658515331254,2.38433923458737e-05,0.00488296962368943,0.0425954069330911,0.0617362961331598
"maxPD","Pd>=4","DS","DS","no_weight","pearson",0.124052040366675,2.85127911910297e-05,0.00533973699642873,0.113586348166758,0.134517732566591
"maxPD","Pd>=4","FS","FS","no_weight","pearson",0.110649971085062,2.72371571534102e-05,0.00521892298787884,0.100421069990731,0.120878872179393
"maxPD","Pd>=4","DSI","DSI","no_weight","pearson",0.0764353312538329,2.82357585204506e-05,0.00531373301177718,0.0660206059272881,0.0868500565803777
"maxPD","Pd>=4","FSI","FSI","no_weight","pearson",0.0564926980007939,2.2928156964078e-05,0.00478833551080937,0.0471077328537133,0.0658776631478745
"maxPD","Pd>=5","DS","DS","no_weight","pearson",0.124052040366675,2.85127911910297e-05,0.00533973699642873,0.113586348166758,0.134517732566591
"maxPD","Pd>=5","FS","FS","no_weight","pearson",0.110649971085062,2.72371571534102e-05,0.00521892298787884,0.100421069990731,0.120878872179393
"maxPD","Pd>=5","DSI","DSI","no_weight","pearson",0.0764353312538329,2.82357585204506e-05,0.00531373301177718,0.0660206059272881,0.0868500565803777
"maxPD","Pd>=5","FSI","FSI","no_weight","pearson",0.0564926980007939,2.2928156964078e-05,0.00478833551080937,0.0471077328537133,0.0658776631478745
"maxPD","Pd>=6","DS","DS","no_weight","pearson",0.124052040366675,2.85127911910297e-05,0.00533973699642873,0.113586348166758,0.134517732566591
"maxPD","Pd>=6","FS","FS","no_weight","pearson",0.110649971085062,2.72371571534102e-05,0.00521892298787884,0.100421069990731,0.120878872179393
"maxPD","Pd>=6","DSI","DSI","no_weight","pearson",0.0764353312538329,2.82357585204506e-05,0.00531373301177718,0.0660206059272881,0.0868500565803777
"maxPD","Pd>=6","FSI","FSI","no_weight","pearson",0.0564926980007939,2.2928156964078e-05,0.00478833551080937,0.0471077328537133,0.0658776631478745
"maxCAL","Cal>=3","DS","DS","CW","pearson",0.131987730440244,4.9480627450543e-05,0.00703424675786562,0.11820086013646,0.145774600744028
"maxCAL","Cal>=3","FS","FS","CW","pearson",0.0744779979366765,3.13153835869318e-05,0.00559601497379446,0.0635100101310925,0.0854459857422605
"maxCAL","Cal>=3","DSI","DSI","CW","pearson",0.105873063923101,5.49544470210202e-05,0.00741312666970019,0.0913436026376557,0.120402525208547
"maxCAL","Cal>=3","FSI","FSI","CW","pearson",0.0405551293235799,2.70164907649064e-05,0.00519773900507773,0.0303677480725885,0.0507425105745713
"maxCAL","Cal>=4","DS","DS","CW","pearson",0.131987730440244,4.9480627450543e-05,0.00703424675786562,0.11820086013646,0.145774600744028
"maxCAL","Cal>=4","FS","FS","CW","pearson",0.0744779979366765,3.13153835869318e-05,0.00559601497379446,0.0635100101310925,0.0854459857422605
"maxCAL","Cal>=4","DSI","DSI","CW","pearson",0.105873063923101,5.49544470210202e-05,0.00741312666970019,0.0913436026376557,0.120402525208547
"maxCAL","Cal>=4","FSI","FSI","CW","pearson",0.0405551293235799,2.70164907649064e-05,0.00519773900507773,0.0303677480725885,0.0507425105745713
"maxCAL","Cal>=5","DS","DS","CW","pearson",0.131987730440244,4.9480627450543e-05,0.00703424675786562,0.11820086013646,0.145774600744028
"maxCAL","Cal>=5","FS","FS","CW","pearson",0.0744779979366765,3.13153835869318e-05,0.00559601497379446,0.0635100101310925,0.0854459857422605
"maxCAL","Cal>=5","DSI","DSI","CW","pearson",0.105873063923101,5.49544470210202e-05,0.00741312666970019,0.0913436026376557,0.120402525208547
"maxCAL","Cal>=5","FSI","FSI","CW","pearson",0.0405551293235799,2.70164907649064e-05,0.00519773900507773,0.0303677480725885,0.0507425105745713
"maxPD","Pd>=4","DS","DS","CW","pearson",0.12679208297367,3.41563025621508e-05,0.00584433936062501,0.115337388313415,0.138246777633925
"maxPD","Pd>=4","FS","FS","CW","pearson",0.100587688549359,2.88493485970473e-05,0.00537115896218379,0.0900604104282396,0.111114966670479
"maxPD","Pd>=4","DSI","DSI","CW","pearson",0.0826345767562431,3.50650582693257e-05,0.00592157565765445,0.0710285017355113,0.0942406517769749
"maxPD","Pd>=4","FSI","FSI","CW","pearson",0.0511784377615622,2.47964453987852e-05,0.00497960293585595,0.0414185953499746,0.0609382801731498
"maxPD","Pd>=5","DS","DS","CW","pearson",0.12679208297367,3.41563025621508e-05,0.00584433936062501,0.115337388313415,0.138246777633925
"maxPD","Pd>=5","FS","FS","CW","pearson",0.100587688549359,2.88493485970473e-05,0.00537115896218379,0.0900604104282396,0.111114966670479
"maxPD","Pd>=5","DSI","DSI","CW","pearson",0.0826345767562431,3.50650582693257e-05,0.00592157565765445,0.0710285017355113,0.0942406517769749
"maxPD","Pd>=5","FSI","FSI","CW","pearson",0.0511784377615622,2.47964453987852e-05,0.00497960293585595,0.0414185953499746,0.0609382801731498
"maxPD","Pd>=6","DS","DS","CW","pearson",0.12679208297367,3.41563025621508e-05,0.00584433936062501,0.115337388313415,0.138246777633925
"maxPD","Pd>=6","FS","FS","CW","pearson",0.100587688549359,2.88493485970473e-05,0.00537115896218379,0.0900604104282396,0.111114966670479
"maxPD","Pd>=6","DSI","DSI","CW","pearson",0.0826345767562431,3.50650582693257e-05,0.00592157565765445,0.0710285017355113,0.0942406517769749
"maxPD","Pd>=6","FSI","FSI","CW","pearson",0.0511784377615622,2.47964453987852e-05,0.00497960293585595,0.0414185953499746,0.0609382801731498
"maxCAL","Cal>=3","DS","DS","PPW","pearson",0.141875566682344,4.88459469141753e-05,0.00698898754571614,0.128177402804341,0.155573730560346
"maxCAL","Cal>=3","FS","FS","PPW","pearson",0.0856455996531569,9.62619964418931e-06,0.00310261174564097,0.0795645923736896,0.0917266069326241
"maxCAL","Cal>=3","DSI","DSI","PPW","pearson",0.128260567274496,7.12217930712591e-05,0.00843930050841058,0.111719842223301,0.144801292325691
"maxCAL","Cal>=3","FSI","FSI","PPW","pearson",0.042194081451875,1.45621620311826e-05,0.00381604009821472,0.0347147802958135,0.0496733826079365
"maxCAL","Cal>=4","DS","DS","PPW","pearson",0.0800822201912874,4.92323897719956e-05,0.00701657963483602,0.0663299768123516,0.0938344635702232
"maxCAL","Cal>=4","FS","FS","PPW","pearson",0.0852346629978763,1.29737818424864e-05,0.0036019136361782,0.0781750419955434,0.0922942840002093
"maxCAL","Cal>=4","DSI","DSI","PPW","pearson",0.0607091651074762,7.03311329520438e-05,0.00838636589662315,0.0442721899889199,0.0771461402260325
"maxCAL","Cal>=4","FSI","FSI","PPW","pearson",0.0157533973178549,1.86904480408296e-05,0.0043232450822073,0.00727999266038867,0.0242268019753211
"maxCAL","Cal>=5","DS","DS","PPW","pearson",0.0581712782012204,5.30012268799929e-05,0.00728019415125674,0.0439023598642981,0.0724401965381428
"maxCAL","Cal>=5","FS","FS","PPW","pearson",0.0754667075511961,2.06165429789212e-05,0.00454054434830464,0.0665674041583121,0.0843660109440801
"maxCAL","Cal>=5","DSI","DSI","PPW","pearson",0.036030753372634,7.02224356168605e-05,0.0083798827925491,0.0196064849045708,0.0524550218406971
"maxCAL","Cal>=5","FSI","FSI","PPW","pearson",-0.00880436940401596,2.72815813006102e-05,0.00522317731851123,-0.0190416088331645,0.00143287002513256
"maxPD","Pd>=4","DS","DS","PPW","pearson",0.0580694465212816,4.72143375711861e-05,0.00687126899278337,0.0446020067673394,0.0715368862752238
"maxPD","Pd>=4","FS","FS","PPW","pearson",0.115206007438442,2.07764505202431e-05,0.00455811918670882,0.106272257995252,0.124139756881633
"maxPD","Pd>=4","DSI","DSI","PPW","pearson",0.0127037584818495,5.78189093281634e-05,0.00760387462601557,-0.00219956192809895,0.027607078891798
"maxPD","Pd>=4","FSI","FSI","PPW","pearson",0.0127420743833461,2.66481241350224e-05,0.00516218210982743,0.00262438336644731,0.0228597654002448
"maxPD","Pd>=5","DS","DS","PPW","pearson",0.0652773306315635,5.94169049370063e-05,0.0077082361754818,0.0501694653432904,0.0803851959198366
"maxPD","Pd>=5","FS","FS","PPW","pearson",0.105734168247049,3.33670019519698e-05,0.00577641774389369,0.0944125975093594,0.117055738984739
"maxPD","Pd>=5","DSI","DSI","PPW","pearson",0.0130756837497048,6.34995017959343e-05,0.00796865746508998,-0.00254259788700777,0.0286939653864174
"maxPD","Pd>=5","FSI","FSI","PPW","pearson",0.00486873653809014,3.98081113780858e-05,0.00630936695541524,-0.00749739545977087,0.0172348685359511
"maxPD","Pd>=6","DS","DS","PPW","pearson",0.0801686103049447,6.90320893995763e-05,0.00830855519326774,0.0638841413625767,0.0964530792473127
"maxPD","Pd>=6","FS","FS","PPW","pearson",0.117293862041606,4.37826325254257e-05,0.00661684460490238,0.104325084924699,0.130262639158512
"maxPD","Pd>=6","DSI","DSI","PPW","pearson",0.0319250861016327,6.9529297415643e-05,0.00833842295734889,0.0155820774173669,0.0482680947858985
"maxPD","Pd>=6","FSI","FSI","PPW","pearson",0.0230736529026551,4.74485588760163e-05,0.00688829143373132,0.00957284977752597,0.0365744560277843
"maxCAL","Cal>=3","DS","DS","OPW","pearson",0.155350657246937,6.46476532536261e-05,0.00804037643730852,0.139591809007668,0.171109505486206
"maxCAL","Cal>=3","FS","FS","OPW","pearson",0.0562784036717338,2.62152486017008e-05,0.00512008287058918,0.0462432256475185,0.066313581695949
"maxCAL","Cal>=3","DSI","DSI","OPW","pearson",0.135570050910126,8.04180080608388e-05,0.00896760882626126,0.11799386058321,0.153146241237041
"maxCAL","Cal>=3","FSI","FSI","OPW","pearson",0.0146786883748649,3.20762387795593e-05,0.00566358886039226,0.00357825818525385,0.025779118564476
"maxCAL","Cal>=4","DS","DS","OPW","pearson",0.10674215005747,5.63789378614021e-05,0.00750859093714674,0.0920255822460187,0.121458717868922
"maxCAL","Cal>=4","FS","FS","OPW","pearson",0.0653850848061648,2.50127382931717e-05,0.00500127366709438,0.0555827685418313,0.0751874010704984
"maxCAL","Cal>=4","DSI","DSI","OPW","pearson",0.0843638334847311,6.86661432349674e-05,0.00828650367977758,0.0681225847146084,0.100605082254854
"maxCAL","Cal>=4","FSI","FSI","OPW","pearson",0.00250568500406527,3.05704264648917e-05,0.00552905294466347,-0.00833105963609025,0.0133424296442208
"maxCAL","Cal>=5","DS","DS","OPW","pearson",0.093307836008503,5.07811936349659e-05,0.0071260924520361,0.0793409514520095,0.107274720564996
"maxCAL","Cal>=5","FS","FS","OPW","pearson",0.0641220919037141,2.94064235688367e-05,0.00542276899460384,0.0534936599778101,0.0747505238296181
"maxCAL","Cal>=5","DSI","DSI","OPW","pearson",0.0687972737229273,5.80799016869097e-05,0.00762101710317657,0.0538603546751375,0.0837341927707172
"maxCAL","Cal>=5","FSI","FSI","OPW","pearson",-0.0078798429187002,3.38939792578081e-05,0.00582185359295543,-0.0192904662841579,0.00353078044675756
"maxPD","Pd>=4","DS","DS","OPW","pearson",0.0873905165999234,4.34261760871311e-05,0.00658985402623845,0.0744746400451197,0.100306393154727
"maxPD","Pd>=4","FS","FS","OPW","pearson",0.108738273981698,2.65452023345145e-05,0.00515220363868845,0.0986401404088519,0.118836407554543
"maxPD","Pd>=4","DSI","DSI","OPW","pearson",0.043327771632633,4.57614096834249e-05,0.0067647180047231,0.0300691679778061,0.05658637528746
"maxPD","Pd>=4","FSI","FSI","OPW","pearson",0.0120849241086384,3.08612284428292e-05,0.00555528833120561,0.00119675905573976,0.022973089161537
"maxPD","Pd>=5","DS","DS","OPW","pearson",0.100712942466746,4.60183495266851e-05,0.00678368259330322,0.08741716890132,0.114008716032171
"maxPD","Pd>=5","FS","FS","OPW","pearson",0.10427600083711,3.57593532651295e-05,0.00597991247972155,0.0925555877461546,0.115996413928066
"maxPD","Pd>=5","DSI","DSI","OPW","pearson",0.0509563323546344,4.30442687608442e-05,0.00656081311735399,0.0380973749353227,0.0638152897739462
"maxPD","Pd>=5","FSI","FSI","OPW","pearson",0.0131907808258062,3.75106861360685e-05,0.00612459681416406,0.00118679165021592,0.0251947700013965
"maxPD","Pd>=6","DS","DS","OPW","pearson",0.11832902110259,5.02807923866232e-05,0.00709089503424096,0.104431122217324,0.132226919987856
"maxPD","Pd>=6","FS","FS","OPW","pearson",0.114330533966047,4.1873332625246e-05,0.00647096071887676,0.101647684011676,0.127013383920419
"maxPD","Pd>=6","DSI","DSI","OPW","pearson",0.0688231165200977,4.69369953252058e-05,0.00685105797123377,0.0553952896404835,0.082250943399712
"maxPD","Pd>=6","FSI","FSI","OPW","pearson",0.0287142701738854,4.0830854592256e-05,0.00638990254951169,0.0161902913121218,0.041238249035649
"maxCAL","Cal>=3","DS","DS","MOPW","pearson",0.158191463861295,6.81075198491274e-05,0.0082527280246672,0.142016414158743,0.174366513563847
"maxCAL","Cal>=3","FS","FS","MOPW","pearson",0.0462828954225308,2.76193331558356e-05,0.00525540989417911,0.0359824813059443,0.0565833095391173
"maxCAL","Cal>=3","DSI","DSI","MOPW","pearson",0.140732293474933,8.385168274044e-05,0.00915705644519242,0.122784792637955,0.15867979431191
"maxCAL","Cal>=3","FSI","FSI","MOPW","pearson",0.00857496383516619,3.3208869203697e-05,0.0057627137013474,-0.00271974747269021,0.0198696751430226
"maxCAL","Cal>=4","DS","DS","MOPW","pearson",0.103505648669223,5.80964300915296e-05,0.00762210142228045,0.0885666043950419,0.118444692943404
"maxCAL","Cal>=4","FS","FS","MOPW","pearson",0.0568253754273802,2.57015370802575e-05,0.00506966834026226,0.0468890080669033,0.0667617427878572
"maxCAL","Cal>=4","DSI","DSI","MOPW","pearson",0.0812956446879789,7.02471232539996e-05,0.00838135569308448,0.0648684893879136,0.0977227999880442
"maxCAL","Cal>=4","FSI","FSI","MOPW","pearson",-0.00266504242704408,3.10726916210443e-05,0.00557428844078276,-0.0135904470104162,0.00826036215632807
"maxCAL","Cal>=5","DS","DS","MOPW","pearson",0.0852549735921952,5.03258398942265e-05,0.00709407075621793,0.0713508504062292,0.0991590967781611
"maxCAL","Cal>=5","FS","FS","MOPW","pearson",0.0572035661517096,2.91403754752972e-05,0.00539818260855422,0.0466233226569729,0.0677838096464464
"maxCAL","Cal>=5","DSI","DSI","MOPW","pearson",0.061289080439875,5.65900382005218e-05,0.00752263505698115,0.0465449866593535,0.0760331742203965
"maxCAL","Cal>=5","FSI","FSI","MOPW","pearson",-0.0127817114787551,3.34790063568085e-05,0.00578610459262607,-0.024122268091084,-0.00144115486642623
"maxPD","Pd>=4","DS","DS","MOPW","pearson",0.0800540819931268,4.2233624437173e-05,0.00649874021924042,0.0673167852185337,0.09279137876772
"maxPD","Pd>=4","FS","FS","MOPW","pearson",0.0990094518440015,2.59383939443076e-05,0.00509297496011001,0.0890274043480216,0.108991499339981
"maxPD","Pd>=4","DSI","DSI","MOPW","pearson",0.0362511866515391,4.41380770541438e-05,0.00664364937772485,0.0232298731452864,0.0492725001577917
"maxPD","Pd>=4","FSI","FSI","MOPW","pearson",0.0045579262722036,3.02649690641821e-05,0.00550136065570892,-0.00622454247895154,0.0153403950233587
"maxPD","Pd>=5","DS","DS","MOPW","pearson",0.0934048636961144,4.4119619729253e-05,0.006642260137126,0.0803862730514013,0.106423454340827
"maxPD","Pd>=5","FS","FS","MOPW","pearson",0.0992588674225474,3.46052335679011e-05,0.00588262131773762,0.0877291415050941,0.110788593340001
"maxPD","Pd>=5","DSI","DSI","MOPW","pearson",0.0442377542211987,4.06378239731556e-05,0.00637478030783458,0.0317434144084877,0.0567320940339096
"maxPD","Pd>=5","FSI","FSI","MOPW","pearson",0.00872432227733618,3.62318850725552e-05,0.00601929273856615,-0.00307327470265694,0.0205219192573293
"maxPD","Pd>=6","DS","DS","MOPW","pearson",0.115040173390795,4.91496520936706e-05,0.00701068128598573,0.101299490563174,0.128780856218416
"maxPD","Pd>=6","FS","FS","MOPW","pearson",0.112308648651482,4.08719733552232e-05,0.00639311921953777,0.0997783652323167,0.124838932070646
"maxPD","Pd>=6","DSI","DSI","MOPW","pearson",0.0642228318598785,4.44375454917556e-05,0.00666614922513407,0.0511574194630461,0.0772882442567109
"maxPD","Pd>=6","FSI","FSI","MOPW","pearson",0.0262874037792414,3.96755079053604e-05,0.00629884972874892,0.0139418851668636,0.0386329223916192
