"Y","L","X","K","weight_type","association_type","estimate","variance","se","lower_95","upper_95","Age"
"maxCAL","Cal>=3","DS_score","DS","no_weight","pearson",0.124656564027271,0.000126226236053862,0.0112350449956314,0.102636280471146,0.146676847583395,"30-49"
"maxCAL","Cal>=3","FS_score","FS","no_weight","pearson",0.094195991919955,5.78016557167411e-05,0.00760274001375432,0.0792948953091749,0.109097088530735,"30-49"
"maxCAL","Cal>=3","DSI_score","DSI","no_weight","pearson",0.0856734088620197,0.000124288173040553,0.0111484605681929,0.0638228276652966,0.107523990058743,"30-49"
"maxCAL","Cal>=3","FSI_score","FSI","no_weight","pearson",0.0527333995932229,5.21078397813618e-05,0.00721857602172075,0.0385852505709858,0.0668815486154599,"30-49"
"maxCAL","Cal>=4","DS_score","DS","no_weight","pearson",0.124656564027271,0.000126226236053862,0.0112350449956314,0.102636280471146,0.146676847583395,"30-49"
"maxCAL","Cal>=4","FS_score","FS","no_weight","pearson",0.094195991919955,5.78016557167411e-05,0.00760274001375432,0.0792948953091749,0.109097088530735,"30-49"
"maxCAL","Cal>=4","DSI_score","DSI","no_weight","pearson",0.0856734088620197,0.000124288173040553,0.0111484605681929,0.0638228276652966,0.107523990058743,"30-49"
"maxCAL","Cal>=4","FSI_score","FSI","no_weight","pearson",0.0527333995932229,5.21078397813618e-05,0.00721857602172075,0.0385852505709858,0.0668815486154599,"30-49"
"maxCAL","Cal>=5","DS_score","DS","no_weight","pearson",0.124656564027271,0.000126226236053862,0.0112350449956314,0.102636280471146,0.146676847583395,"30-49"
"maxCAL","Cal>=5","FS_score","FS","no_weight","pearson",0.094195991919955,5.78016557167411e-05,0.00760274001375432,0.0792948953091749,0.109097088530735,"30-49"
"maxCAL","Cal>=5","DSI_score","DSI","no_weight","pearson",0.0856734088620197,0.000124288173040553,0.0111484605681929,0.0638228276652966,0.107523990058743,"30-49"
"maxCAL","Cal>=5","FSI_score","FSI","no_weight","pearson",0.0527333995932229,5.21078397813618e-05,0.00721857602172075,0.0385852505709858,0.0668815486154599,"30-49"
"maxPD","Pd>=4","DS_score","DS","no_weight","pearson",0.112359270694502,0.000108118325671137,0.0103979962334642,0.0919795725655286,0.132738968823475,"30-49"
"maxPD","Pd>=4","FS_score","FS","no_weight","pearson",0.110732948401087,6.26918161183051e-05,0.00791781637311103,0.0952143134735877,0.126251583328586,"30-49"
"maxPD","Pd>=4","DSI_score","DSI","no_weight","pearson",0.069383149379506,0.000104110218096716,0.0102034414829858,0.0493847715544918,0.0893815272045202,"30-49"
"maxPD","Pd>=4","FSI_score","FSI","no_weight","pearson",0.0602553574556064,5.56248226160916e-05,0.00745820505323443,0.0456375441619522,0.0748731707492605,"30-49"
"maxPD","Pd>=5","DS_score","DS","no_weight","pearson",0.112359270694502,0.000108118325671137,0.0103979962334642,0.0919795725655286,0.132738968823475,"30-49"
"maxPD","Pd>=5","FS_score","FS","no_weight","pearson",0.110732948401087,6.26918161183051e-05,0.00791781637311103,0.0952143134735877,0.126251583328586,"30-49"
"maxPD","Pd>=5","DSI_score","DSI","no_weight","pearson",0.069383149379506,0.000104110218096716,0.0102034414829858,0.0493847715544918,0.0893815272045202,"30-49"
"maxPD","Pd>=5","FSI_score","FSI","no_weight","pearson",0.0602553574556064,5.56248226160916e-05,0.00745820505323443,0.0456375441619522,0.0748731707492605,"30-49"
"maxPD","Pd>=6","DS_score","DS","no_weight","pearson",0.112359270694502,0.000108118325671137,0.0103979962334642,0.0919795725655286,0.132738968823475,"30-49"
"maxPD","Pd>=6","FS_score","FS","no_weight","pearson",0.110732948401087,6.26918161183051e-05,0.00791781637311103,0.0952143134735877,0.126251583328586,"30-49"
"maxPD","Pd>=6","DSI_score","DSI","no_weight","pearson",0.069383149379506,0.000104110218096716,0.0102034414829858,0.0493847715544918,0.0893815272045202,"30-49"
"maxPD","Pd>=6","FSI_score","FSI","no_weight","pearson",0.0602553574556064,5.56248226160916e-05,0.00745820505323443,0.0456375441619522,0.0748731707492605,"30-49"
"maxCAL","Cal>=3","DS_score","DS","CW","pearson",0.134850133445398,0.000208263713155221,0.0144313448145078,0.106565217360484,0.163135049530312,"30-49"
"maxCAL","Cal>=3","FS_score","FS","CW","pearson",0.0877197764115756,6.08650200549997e-05,0.00780160368482017,0.0724289141676731,0.103010638655478,"30-49"
"maxCAL","Cal>=3","DSI_score","DSI","CW","pearson",0.0984460088775914,0.000185371536460967,0.0136151216102159,0.0717608608764353,0.125131156878747,"30-49"
"maxCAL","Cal>=3","FSI_score","FSI","CW","pearson",0.0494239435509177,5.36406203484239e-05,0.007323975720087,0.0350692149159013,0.063778672185934,"30-49"
"maxCAL","Cal>=4","DS_score","DS","CW","pearson",0.134850133445398,0.000208263713155221,0.0144313448145078,0.106565217360484,0.163135049530312,"30-49"
"maxCAL","Cal>=4","FS_score","FS","CW","pearson",0.0877197764115756,6.08650200549997e-05,0.00780160368482017,0.0724289141676731,0.103010638655478,"30-49"
"maxCAL","Cal>=4","DSI_score","DSI","CW","pearson",0.0984460088775914,0.000185371536460967,0.0136151216102159,0.0717608608764353,0.125131156878747,"30-49"
"maxCAL","Cal>=4","FSI_score","FSI","CW","pearson",0.0494239435509177,5.36406203484239e-05,0.007323975720087,0.0350692149159013,0.063778672185934,"30-49"
"maxCAL","Cal>=5","DS_score","DS","CW","pearson",0.134850133445398,0.000208263713155221,0.0144313448145078,0.106565217360484,0.163135049530312,"30-49"
"maxCAL","Cal>=5","FS_score","FS","CW","pearson",0.0877197764115756,6.08650200549997e-05,0.00780160368482017,0.0724289141676731,0.103010638655478,"30-49"
"maxCAL","Cal>=5","DSI_score","DSI","CW","pearson",0.0984460088775914,0.000185371536460967,0.0136151216102159,0.0717608608764353,0.125131156878747,"30-49"
"maxCAL","Cal>=5","FSI_score","FSI","CW","pearson",0.0494239435509177,5.36406203484239e-05,0.007323975720087,0.0350692149159013,0.063778672185934,"30-49"
"maxPD","Pd>=4","DS_score","DS","CW","pearson",0.120818661291417,0.000165396243206264,0.0128606470757215,0.0956122562051221,0.146025066377711,"30-49"
"maxPD","Pd>=4","FS_score","FS","CW","pearson",0.105928909770437,6.44776079133784e-05,0.00802979501066985,0.0901908007462843,0.121667018794589,"30-49"
"maxPD","Pd>=4","DSI_score","DSI","CW","pearson",0.0793974674745713,0.00014533806732609,0.0120556238878828,0.0557688788431603,0.103026056105982,"30-49"
"maxPD","Pd>=4","FSI_score","FSI","CW","pearson",0.0581242121247086,5.62621261806747e-05,0.00750080836848101,0.0434228978675492,0.072825526381868,"30-49"
"maxPD","Pd>=5","DS_score","DS","CW","pearson",0.120818661291417,0.000165396243206264,0.0128606470757215,0.0956122562051221,0.146025066377711,"30-49"
"maxPD","Pd>=5","FS_score","FS","CW","pearson",0.105928909770437,6.44776079133784e-05,0.00802979501066985,0.0901908007462843,0.121667018794589,"30-49"
"maxPD","Pd>=5","DSI_score","DSI","CW","pearson",0.0793974674745713,0.00014533806732609,0.0120556238878828,0.0557688788431603,0.103026056105982,"30-49"
"maxPD","Pd>=5","FSI_score","FSI","CW","pearson",0.0581242121247086,5.62621261806747e-05,0.00750080836848101,0.0434228978675492,0.072825526381868,"30-49"
"maxPD","Pd>=6","DS_score","DS","CW","pearson",0.120818661291417,0.000165396243206264,0.0128606470757215,0.0956122562051221,0.146025066377711,"30-49"
"maxPD","Pd>=6","FS_score","FS","CW","pearson",0.105928909770437,6.44776079133784e-05,0.00802979501066985,0.0901908007462843,0.121667018794589,"30-49"
"maxPD","Pd>=6","DSI_score","DSI","CW","pearson",0.0793974674745713,0.00014533806732609,0.0120556238878828,0.0557688788431603,0.103026056105982,"30-49"
"maxPD","Pd>=6","FSI_score","FSI","CW","pearson",0.0581242121247086,5.62621261806747e-05,0.00750080836848101,0.0434228978675492,0.072825526381868,"30-49"
"maxCAL","Cal>=3","DS_score","DS","PPW","pearson",0.0987854992181652,0.000153660638726529,0.0123959928495675,0.0744897996803969,0.123081198755934,"30-49"
"maxCAL","Cal>=3","FS_score","FS","PPW","pearson",0.0806613226921228,4.54833485295772e-05,0.00674413437956104,0.0674430622012847,0.0938795831829608,"30-49"
"maxCAL","Cal>=3","DSI_score","DSI","PPW","pearson",0.0808181705584491,0.000210894912676939,0.0145222213409981,0.052355139754574,0.109281201362324,"30-49"
"maxCAL","Cal>=3","FSI_score","FSI","PPW","pearson",0.0444056582687262,5.90038906910072e-05,0.00768139900610606,0.0293503928658766,0.0594609236715759,"30-49"
"maxCAL","Cal>=4","DS_score","DS","PPW","pearson",0.073523410478134,0.000151562509924214,0.0123110726553056,0.0493941514626791,0.097652669493589,"30-49"
"maxCAL","Cal>=4","FS_score","FS","PPW","pearson",0.0746953924197189,7.97088978141337e-05,0.00892798397255134,0.0571968653789674,0.0921939194604704,"30-49"
"maxCAL","Cal>=4","DSI_score","DSI","PPW","pearson",0.044075002434248,0.00020660381399368,0.0143737195601445,0.0159030297724859,0.0722469750960101,"30-49"
"maxCAL","Cal>=4","FSI_score","FSI","PPW","pearson",0.0100254280933985,9.45289180502325e-05,0.0097225983178486,-0.00903051444573443,0.0290813706325315,"30-49"
"maxCAL","Cal>=5","DS_score","DS","PPW","pearson",0.0753262195194471,0.000180956173730508,0.0134519951579871,0.0489607934895852,0.101691645549309,"30-49"
"maxCAL","Cal>=5","FS_score","FS","PPW","pearson",0.0477498438515648,9.97081654704891e-05,0.00998539761203774,0.0281788241606586,0.067320863542471,"30-49"
"maxCAL","Cal>=5","DSI_score","DSI","PPW","pearson",0.0399233595515136,0.000225662043039962,0.015022051891801,0.0104806788696918,0.0693660402333353,"30-49"
"maxCAL","Cal>=5","FSI_score","FSI","PPW","pearson",-0.0170862063800916,0.000134910568444386,0.0116151008796474,-0.039851385781,0.00567897302081675,"30-49"
"maxPD","Pd>=4","DS_score","DS","PPW","pearson",0.0629805102653012,0.00015234111582458,0.012342654326545,0.0387893523116455,0.0871716682189568,"30-49"
"maxPD","Pd>=4","FS_score","FS","PPW","pearson",0.0909372463040662,9.58405080887473e-05,0.00978981655031121,0.0717495584502021,0.11012493415793,"30-49"
"maxPD","Pd>=4","DSI_score","DSI","PPW","pearson",0.016562955029946,0.000174022084718107,0.0131917430507916,-0.009292386242912,0.0424182963028039,"30-49"
"maxPD","Pd>=4","FSI_score","FSI","PPW","pearson",0.00810703976804,0.000117417566630866,0.0108359386594271,-0.0131310097431223,0.0293450892792023,"30-49"
"maxPD","Pd>=5","DS_score","DS","PPW","pearson",0.0799511782793638,0.00020903009505354,0.0144578731165251,0.0516142676779248,0.108288088880803,"30-49"
"maxPD","Pd>=5","FS_score","FS","PPW","pearson",0.0833230176664837,0.000114792719778533,0.010714136445768,0.0623236961073306,0.104322339225637,"30-49"
"maxPD","Pd>=5","DSI_score","DSI","PPW","pearson",0.0229936897739484,0.000184511490723737,0.0135835006800065,-0.00362948234283971,0.0496168618907365,"30-49"
"maxPD","Pd>=5","FSI_score","FSI","PPW","pearson",0.0152849798020482,0.000151443113359144,0.0123062225463033,-0.00883477317444106,0.0394047327785375,"30-49"
"maxPD","Pd>=6","DS_score","DS","PPW","pearson",0.102940243548252,0.000240230062463123,0.0154993568403054,0.0725620623577184,0.133318424738785,"30-49"
"maxPD","Pd>=6","FS_score","FS","PPW","pearson",0.101030084938882,0.0001141732559094,0.0106851886230146,0.0800875000697559,0.121972669808007,"30-49"
"maxPD","Pd>=6","DSI_score","DSI","PPW","pearson",0.0502446124673455,0.000218903210390242,0.0147953780076834,0.02124620443463,0.0792430205000609,"30-49"
"maxPD","Pd>=6","FSI_score","FSI","PPW","pearson",0.0421049691505945,0.000142238203495991,0.0119263658964494,0.018729721527107,0.0654802167740821,"30-49"
"maxCAL","Cal>=3","DS_score","DS","OPW","pearson",0.120602574929538,0.00016902035669872,0.0130007829263749,0.0951215086230195,0.146083641236056,"30-49"
"maxCAL","Cal>=3","FS_score","FS","OPW","pearson",0.0656854554587438,8.0488444512185e-05,0.00897153523719241,0.0481015695078146,0.0832693414096729,"30-49"
"maxCAL","Cal>=3","DSI_score","DSI","OPW","pearson",0.0978956572546264,0.000215919917625433,0.0146942137464185,0.0690955275305128,0.12669578697874,"30-49"
"maxCAL","Cal>=3","FSI_score","FSI","OPW","pearson",0.0267963669426609,9.63048938265554e-05,0.00981350568484858,0.00756224923827862,0.0460304846470432,"30-49"
"maxCAL","Cal>=4","DS_score","DS","OPW","pearson",0.104181977898961,0.00013805743712311,0.0117497845564551,0.0811528233422041,0.127211132455718,"30-49"
"maxCAL","Cal>=4","FS_score","FS","OPW","pearson",0.0775008578421843,8.26775232318164e-05,0.00909271814320758,0.0596794577599236,0.0953222579244451,"30-49"
"maxCAL","Cal>=4","DSI_score","DSI","OPW","pearson",0.0723170091418743,0.000167844191338471,0.0129554695529908,0.0469247554152072,0.0977092628685415,"30-49"
"maxCAL","Cal>=4","FSI_score","FSI","OPW","pearson",0.020078565759639,9.99962662026022e-05,0.00999981330838742,0.000479291823075295,0.0396778396962026,"30-49"
"maxCAL","Cal>=5","DS_score","DS","OPW","pearson",0.108921593201169,0.000151306971355958,0.0123006898731721,0.0848126840647555,0.133030502337583,"30-49"
"maxCAL","Cal>=5","FS_score","FS","OPW","pearson",0.0554289425072858,8.91249519141073e-05,0.00944060124748987,0.0369257040698017,0.0739321809447698,"30-49"
"maxCAL","Cal>=5","DSI_score","DSI","OPW","pearson",0.0730062531640169,0.000166208146121987,0.0128921738322902,0.0477380567702984,0.0982744495577353,"30-49"
"maxCAL","Cal>=5","FSI_score","FSI","OPW","pearson",0.00557174993130036,0.000108397500264569,0.01041141202069,-0.0148342426574595,0.0259777425200602,"30-49"
"maxPD","Pd>=4","DS_score","DS","OPW","pearson",0.0888912379418043,0.000136612417647157,0.0116881314865618,0.0659829211815746,0.111799554702034,"30-49"
"maxPD","Pd>=4","FS_score","FS","OPW","pearson",0.095520056847704,9.09332008615107e-05,0.00953589014520987,0.0768300556025622,0.114210058092846,"30-49"
"maxPD","Pd>=4","DSI_score","DSI","OPW","pearson",0.0446711697986321,0.000129738605737483,0.0113902855863004,0.0223466202758576,0.0669957193214065,"30-49"
"maxPD","Pd>=4","FSI_score","FSI","OPW","pearson",0.0226720143079285,0.00010657554757937,0.0103235433635632,0.00243824112250715,0.0429057874933498,"30-49"
"maxPD","Pd>=5","DS_score","DS","OPW","pearson",0.105719307822405,0.000158846442560793,0.012603429793544,0.0810170393453794,0.13042157629943,"30-49"
"maxPD","Pd>=5","FS_score","FS","OPW","pearson",0.0903415126584093,9.47371196647016e-05,0.00973329952609605,0.0712645961365203,0.109418429180298,"30-49"
"maxPD","Pd>=5","DSI_score","DSI","OPW","pearson",0.0542940381317724,0.000128301162184259,0.0113270102932883,0.0320935059044129,0.076494570359132,"30-49"
"maxPD","Pd>=5","FSI_score","FSI","OPW","pearson",0.0321159907020841,0.000114252657026889,0.0106889034529688,0.0111661249000393,0.0530658565041288,"30-49"
"maxPD","Pd>=6","DS_score","DS","OPW","pearson",0.123158820124976,0.000170490661432762,0.0130572072600829,0.097567164156539,0.148750476093414,"30-49"
"maxPD","Pd>=6","FS_score","FS","OPW","pearson",0.102203049850996,9.52348254436246e-05,0.00975883320093261,0.0830760882460347,0.121330011455958,"30-49"
"maxPD","Pd>=6","DSI_score","DSI","OPW","pearson",0.0720233540209161,0.000140165142486228,0.011839136053202,0.0488190737485704,0.0952276342932617,"30-49"
"maxPD","Pd>=6","FSI_score","FSI","OPW","pearson",0.0515308095914495,0.000111411687757448,0.010555173506743,0.0308430496676619,0.072218569515237,"30-49"
"maxCAL","Cal>=3","DS_score","DS","no_weight","pearson",0.111587385546903,0.000114996753959952,0.010723653946298,0.090569410029488,0.132605361064318,"50-64"
"maxCAL","Cal>=3","FS_score","FS","no_weight","pearson",0.0918001966366253,0.000149524133109611,0.0122280060970549,0.0678337450836616,0.115766648189589,"50-64"
"maxCAL","Cal>=3","DSI_score","DSI","no_weight","pearson",0.096968630144153,0.000114321613204419,0.0106921285628456,0.0760124432429036,0.117924817045402,"50-64"
"maxCAL","Cal>=3","FSI_score","FSI","no_weight","pearson",0.0702045929449701,0.000140787774486171,0.0118654024156862,0.0469488315481506,0.0934603543417895,"50-64"
"maxCAL","Cal>=4","DS_score","DS","no_weight","pearson",0.111587385546903,0.000114996753959952,0.010723653946298,0.090569410029488,0.132605361064318,"50-64"
"maxCAL","Cal>=4","FS_score","FS","no_weight","pearson",0.0918001966366253,0.000149524133109611,0.0122280060970549,0.0678337450836616,0.115766648189589,"50-64"
"maxCAL","Cal>=4","DSI_score","DSI","no_weight","pearson",0.096968630144153,0.000114321613204419,0.0106921285628456,0.0760124432429036,0.117924817045402,"50-64"
"maxCAL","Cal>=4","FSI_score","FSI","no_weight","pearson",0.0702045929449701,0.000140787774486171,0.0118654024156862,0.0469488315481506,0.0934603543417895,"50-64"
"maxCAL","Cal>=5","DS_score","DS","no_weight","pearson",0.111587385546903,0.000114996753959952,0.010723653946298,0.090569410029488,0.132605361064318,"50-64"
"maxCAL","Cal>=5","FS_score","FS","no_weight","pearson",0.0918001966366253,0.000149524133109611,0.0122280060970549,0.0678337450836616,0.115766648189589,"50-64"
"maxCAL","Cal>=5","DSI_score","DSI","no_weight","pearson",0.096968630144153,0.000114321613204419,0.0106921285628456,0.0760124432429036,0.117924817045402,"50-64"
"maxCAL","Cal>=5","FSI_score","FSI","no_weight","pearson",0.0702045929449701,0.000140787774486171,0.0118654024156862,0.0469488315481506,0.0934603543417895,"50-64"
"maxPD","Pd>=4","DS_score","DS","no_weight","pearson",0.102645193624964,8.39478710049539e-05,0.00916230707873044,0.0846874017353558,0.120602985514572,"50-64"
"maxPD","Pd>=4","FS_score","FS","no_weight","pearson",0.147693563814814,0.000146000904864051,0.0120830834170774,0.12401115549515,0.171375972134479,"50-64"
"maxPD","Pd>=4","DSI_score","DSI","no_weight","pearson",0.0804023537089095,8.90622748737896e-05,0.0094372811166029,0.0619056226083879,0.0988990848094311,"50-64"
"maxPD","Pd>=4","FSI_score","FSI","no_weight","pearson",0.118561257414806,0.000141822795983366,0.0119089376513342,0.0952201685240582,0.141902346305554,"50-64"
"maxPD","Pd>=5","DS_score","DS","no_weight","pearson",0.102645193624964,8.39478710049539e-05,0.00916230707873044,0.0846874017353558,0.120602985514572,"50-64"
"maxPD","Pd>=5","FS_score","FS","no_weight","pearson",0.147693563814814,0.000146000904864051,0.0120830834170774,0.12401115549515,0.171375972134479,"50-64"
"maxPD","Pd>=5","DSI_score","DSI","no_weight","pearson",0.0804023537089095,8.90622748737896e-05,0.0094372811166029,0.0619056226083879,0.0988990848094311,"50-64"
"maxPD","Pd>=5","FSI_score","FSI","no_weight","pearson",0.118561257414806,0.000141822795983366,0.0119089376513342,0.0952201685240582,0.141902346305554,"50-64"
"maxPD","Pd>=6","DS_score","DS","no_weight","pearson",0.102645193624964,8.39478710049539e-05,0.00916230707873044,0.0846874017353558,0.120602985514572,"50-64"
"maxPD","Pd>=6","FS_score","FS","no_weight","pearson",0.147693563814814,0.000146000904864051,0.0120830834170774,0.12401115549515,0.171375972134479,"50-64"
"maxPD","Pd>=6","DSI_score","DSI","no_weight","pearson",0.0804023537089095,8.90622748737896e-05,0.0094372811166029,0.0619056226083879,0.0988990848094311,"50-64"
"maxPD","Pd>=6","FSI_score","FSI","no_weight","pearson",0.118561257414806,0.000141822795983366,0.0119089376513342,0.0952201685240582,0.141902346305554,"50-64"
"maxCAL","Cal>=3","DS_score","DS","CW","pearson",0.115872596833134,0.000187523445191705,0.0136939200082265,0.0890330068098376,0.14271218685643,"50-64"
"maxCAL","Cal>=3","FS_score","FS","CW","pearson",0.0721539693554966,0.000149857982506318,0.0122416495010402,0.0481607772220951,0.0961471614888981,"50-64"
"maxCAL","Cal>=3","DSI_score","DSI","CW","pearson",0.105437714171815,0.000177525077824596,0.0133238537152205,0.0793234407547022,0.131551987588927,"50-64"
"maxCAL","Cal>=3","FSI_score","FSI","CW","pearson",0.0530574538244901,0.000143971775036085,0.0119988239022033,0.0295401911193333,0.0765747165296469,"50-64"
"maxCAL","Cal>=4","DS_score","DS","CW","pearson",0.115872596833134,0.000187523445191705,0.0136939200082265,0.0890330068098376,0.14271218685643,"50-64"
"maxCAL","Cal>=4","FS_score","FS","CW","pearson",0.0721539693554966,0.000149857982506318,0.0122416495010402,0.0481607772220951,0.0961471614888981,"50-64"
"maxCAL","Cal>=4","DSI_score","DSI","CW","pearson",0.105437714171815,0.000177525077824596,0.0133238537152205,0.0793234407547022,0.131551987588927,"50-64"
"maxCAL","Cal>=4","FSI_score","FSI","CW","pearson",0.0530574538244901,0.000143971775036085,0.0119988239022033,0.0295401911193333,0.0765747165296469,"50-64"
"maxCAL","Cal>=5","DS_score","DS","CW","pearson",0.115872596833134,0.000187523445191705,0.0136939200082265,0.0890330068098376,0.14271218685643,"50-64"
"maxCAL","Cal>=5","FS_score","FS","CW","pearson",0.0721539693554966,0.000149857982506318,0.0122416495010402,0.0481607772220951,0.0961471614888981,"50-64"
"maxCAL","Cal>=5","DSI_score","DSI","CW","pearson",0.105437714171815,0.000177525077824596,0.0133238537152205,0.0793234407547022,0.131551987588927,"50-64"
"maxCAL","Cal>=5","FSI_score","FSI","CW","pearson",0.0530574538244901,0.000143971775036085,0.0119988239022033,0.0295401911193333,0.0765747165296469,"50-64"
"maxPD","Pd>=4","DS_score","DS","CW","pearson",0.107309354944803,0.000113583864083073,0.0106575730859832,0.0864208955336722,0.128197814355933,"50-64"
"maxPD","Pd>=4","FS_score","FS","CW","pearson",0.133833540816532,0.000160838875079428,0.0126822267397894,0.108976833162774,0.15869024847029,"50-64"
"maxPD","Pd>=4","DSI_score","DSI","CW","pearson",0.0879859085826722,0.000136991368289252,0.0117043311765026,0.0650458410135977,0.110925976151747,"50-64"
"maxPD","Pd>=4","FSI_score","FSI","CW","pearson",0.106555326979836,0.000158710871700414,0.0125980503134578,0.0818636020900355,0.131247051869637,"50-64"
"maxPD","Pd>=5","DS_score","DS","CW","pearson",0.107309354944803,0.000113583864083073,0.0106575730859832,0.0864208955336722,0.128197814355933,"50-64"
"maxPD","Pd>=5","FS_score","FS","CW","pearson",0.133833540816532,0.000160838875079428,0.0126822267397894,0.108976833162774,0.15869024847029,"50-64"
"maxPD","Pd>=5","DSI_score","DSI","CW","pearson",0.0879859085826722,0.000136991368289252,0.0117043311765026,0.0650458410135977,0.110925976151747,"50-64"
"maxPD","Pd>=5","FSI_score","FSI","CW","pearson",0.106555326979836,0.000158710871700414,0.0125980503134578,0.0818636020900355,0.131247051869637,"50-64"
"maxPD","Pd>=6","DS_score","DS","CW","pearson",0.107309354944803,0.000113583864083073,0.0106575730859832,0.0864208955336722,0.128197814355933,"50-64"
"maxPD","Pd>=6","FS_score","FS","CW","pearson",0.133833540816532,0.000160838875079428,0.0126822267397894,0.108976833162774,0.15869024847029,"50-64"
"maxPD","Pd>=6","DSI_score","DSI","CW","pearson",0.0879859085826722,0.000136991368289252,0.0117043311765026,0.0650458410135977,0.110925976151747,"50-64"
"maxPD","Pd>=6","FSI_score","FSI","CW","pearson",0.106555326979836,0.000158710871700414,0.0125980503134578,0.0818636020900355,0.131247051869637,"50-64"
"maxCAL","Cal>=3","DS_score","DS","PPW","pearson",0.131511595377456,0.000239908838384073,0.0154889908768801,0.101153731101902,0.161869459653011,"50-64"
"maxCAL","Cal>=3","FS_score","FS","PPW","pearson",0.0729900375685394,6.87096870465184e-05,0.00828913065686133,0.0567436400179444,0.0892364351191345,"50-64"
"maxCAL","Cal>=3","DSI_score","DSI","PPW","pearson",0.141765973291201,0.000314555031290212,0.0177356993459579,0.107004641332493,0.176527305249909,"50-64"
"maxCAL","Cal>=3","FSI_score","FSI","PPW","pearson",0.053553946123623,5.76501573916168e-05,0.00759277007366987,0.0386723902363366,0.0684355020109095,"50-64"
"maxCAL","Cal>=4","DS_score","DS","PPW","pearson",0.0824147216383054,0.000233704544863117,0.0152873982372122,0.0524519716760484,0.112377471600562,"50-64"
"maxCAL","Cal>=4","FS_score","FS","PPW","pearson",0.0923587801181946,0.000106373849620319,0.0103137699034019,0.0721441625626937,0.112573397673695,"50-64"
"maxCAL","Cal>=4","DSI_score","DSI","PPW","pearson",0.085525332501389,0.000299340021047739,0.0173014456346208,0.0516151221770545,0.119435542825723,"50-64"
"maxCAL","Cal>=4","FSI_score","FSI","PPW","pearson",0.0452293965058324,9.79112026184064e-05,0.00989500897515543,0.0258355352878272,0.0646232577238377,"50-64"
"maxCAL","Cal>=5","DS_score","DS","PPW","pearson",0.0759773518490127,0.000306515642173907,0.017507588131262,0.0416631096555782,0.110291594042447,"50-64"
"maxCAL","Cal>=5","FS_score","FS","PPW","pearson",0.0781857615223346,0.000153967602789056,0.0124083682565056,0.0538658066326735,0.102505716411996,"50-64"
"maxCAL","Cal>=5","DSI_score","DSI","PPW","pearson",0.0768383945091919,0.000324057875541392,0.0180016075821409,0.0415558919843726,0.112120897034011,"50-64"
"maxCAL","Cal>=5","FSI_score","FSI","PPW","pearson",0.0196992954100979,0.000143443092543646,0.0119767730438397,-0.0037747484068381,0.0431733392270339,"50-64"
"maxPD","Pd>=4","DS_score","DS","PPW","pearson",0.066701290246171,0.000214145548986723,0.0146337127546882,0.0380197402868777,0.0953828402054642,"50-64"
"maxPD","Pd>=4","FS_score","FS","PPW","pearson",0.146839769641499,0.000168339361063924,0.012974565929692,0.121410087704262,0.172269451578736,"50-64"
"maxPD","Pd>=4","DSI_score","DSI","PPW","pearson",0.0555453765256655,0.00029972278212987,0.0173125036355193,0.0216134929178289,0.0894772601335022,"50-64"
"maxPD","Pd>=4","FSI_score","FSI","PPW","pearson",0.0867377048475769,0.000153016975009806,0.0123700030319239,0.0624929444163548,0.110982465278799,"50-64"
"maxPD","Pd>=5","DS_score","DS","PPW","pearson",0.0694254938804752,0.000227237546879546,0.0150744003820897,0.0398802120430426,0.0989707757179078,"50-64"
"maxPD","Pd>=5","FS_score","FS","PPW","pearson",0.124343445672695,0.000254583608200539,0.0159556763629919,0.0930708946522541,0.155615996693136,"50-64"
"maxPD","Pd>=5","DSI_score","DSI","PPW","pearson",0.0584616823153157,0.000300539043323118,0.0173360619323743,0.0244836252941062,0.0924397393365252,"50-64"
"maxPD","Pd>=5","FSI_score","FSI","PPW","pearson",0.0711023773207941,0.000224058544839658,0.0149685852651364,0.0417644893016099,0.100440265339978,"50-64"
"maxPD","Pd>=6","DS_score","DS","PPW","pearson",0.0899500704679111,0.000261097225267188,0.0161585031877086,0.0582799861759267,0.121620154759896,"50-64"
"maxPD","Pd>=6","FS_score","FS","PPW","pearson",0.122587914916689,0.0002846874079994,0.016872682300079,0.0895180652859472,0.15565776454743,"50-64"
"maxPD","Pd>=6","DSI_score","DSI","PPW","pearson",0.0850172276311466,0.000343901216642449,0.0185445737789373,0.0486705309157836,0.12136392434651,"50-64"
"maxPD","Pd>=6","FSI_score","FSI","PPW","pearson",0.0844134820292166,0.000254746852721901,0.0159607911057661,0.0531309062971479,0.115696057761285,"50-64"
"maxCAL","Cal>=3","DS_score","DS","OPW","pearson",0.138142098626672,0.000267449517355382,0.0163538838614985,0.106089075250784,0.17019512200256,"50-64"
"maxCAL","Cal>=3","FS_score","FS","OPW","pearson",0.0456771330317353,8.91784897688103e-05,0.0094434363326498,0.0271683379294447,0.0641859281340259,"50-64"
"maxCAL","Cal>=3","DSI_score","DSI","OPW","pearson",0.142049018137726,0.000330878678987893,0.0181900708901283,0.106397134316845,0.177700901958608,"50-64"
"maxCAL","Cal>=3","FSI_score","FSI","OPW","pearson",0.01401172741102,0.0001080708343485,0.0103957123059702,-0.00636349430232136,0.0343869491243615,"50-64"
"maxCAL","Cal>=4","DS_score","DS","OPW","pearson",0.102547536993642,0.000235407095006276,0.0153429819463583,0.0724758449633318,0.132619229023953,"50-64"
"maxCAL","Cal>=4","FS_score","FS","OPW","pearson",0.0842718911325593,0.000126456654610989,0.0112452947765272,0.0622315183750296,0.106312263890089,"50-64"
"maxCAL","Cal>=4","DSI_score","DSI","OPW","pearson",0.100536363862181,0.000291489799560025,0.0170730723526852,0.0670737569454712,0.13399897077889,"50-64"
"maxCAL","Cal>=4","FSI_score","FSI","OPW","pearson",0.0237098622949188,0.000138146380798855,0.011753568853708,0.000673290651839336,0.0467464339379982,"50-64"
"maxCAL","Cal>=5","DS_score","DS","OPW","pearson",0.0967460675054618,0.000219694034488517,0.0148220792903195,0.0676953259204387,0.125796809090485,"50-64"
"maxCAL","Cal>=5","FS_score","FS","OPW","pearson",0.0779239228952212,0.000155640658454492,0.0124756025287155,0.053472191253502,0.10237565453694,"50-64"
"maxCAL","Cal>=5","DSI_score","DSI","OPW","pearson",0.093943611208873,0.000237888850774535,0.0154236458327639,0.0637138208663545,0.124173401551391,"50-64"
"maxCAL","Cal>=5","FSI_score","FSI","OPW","pearson",0.0119468544622264,0.000163365952749966,0.0127814691154799,-0.0131043646736252,0.036998073598078,"50-64"
"maxPD","Pd>=4","DS_score","DS","OPW","pearson",0.0891681223278156,0.000177852017839549,0.0133361170450603,0.0630298132258867,0.115306431429745,"50-64"
"maxPD","Pd>=4","FS_score","FS","OPW","pearson",0.150874908283017,0.000160690306007549,0.0126763680132579,0.126029683522256,0.175720133043779,"50-64"
"maxPD","Pd>=4","DSI_score","DSI","OPW","pearson",0.0766729101817444,0.000244010858924109,0.0156208469336367,0.0460566127838035,0.107289207579685,"50-64"
"maxPD","Pd>=4","FSI_score","FSI","OPW","pearson",0.0831187036598562,0.000162554503992727,0.0127496864272313,0.0581297774483036,0.108107629871409,"50-64"
"maxPD","Pd>=5","DS_score","DS","OPW","pearson",0.0962487617638943,0.000170646475623727,0.013063172494602,0.07064541415064,0.121852109377149,"50-64"
"maxPD","Pd>=5","FS_score","FS","OPW","pearson",0.132506358123801,0.000207514170507351,0.0144053521479814,0.104272386729141,0.160740329518461,"50-64"
"maxPD","Pd>=5","DSI_score","DSI","OPW","pearson",0.0827165451235665,0.000201435944403945,0.0141928131250977,0.0548991425590677,0.110533947688065,"50-64"
"maxPD","Pd>=5","FSI_score","FSI","OPW","pearson",0.0749875276153528,0.000202343359624789,0.014224744624238,0.0471075404625665,0.102867514768139,"50-64"
"maxPD","Pd>=6","DS_score","DS","OPW","pearson",0.114467814061509,0.000187244916574159,0.0136837464378057,0.0876481638698318,0.141287464253187,"50-64"
"maxPD","Pd>=6","FS_score","FS","OPW","pearson",0.12911969050244,0.000206267332479653,0.0143620100431539,0.100970668072256,0.157268712932625,"50-64"
"maxPD","Pd>=6","DSI_score","DSI","OPW","pearson",0.104633942944865,0.000225603919136239,0.0150201171478867,0.0751950542914343,0.134072831598295,"50-64"
"maxPD","Pd>=6","FSI_score","FSI","OPW","pearson",0.0858586935870018,0.000209698556477308,0.0144809722214121,0.0574765095719092,0.114240877602094,"50-64"
"maxCAL","Cal>=3","DS_score","DS","no_weight","pearson",0.0797096490356846,0.000175078456780058,0.0132317216105864,0.053775951225475,0.105643346845894,"65+"
"maxCAL","Cal>=3","FS_score","FS","no_weight","pearson",0.126188317740131,0.000177489687569536,0.0133225255702339,0.100076647439359,0.152299988040904,"65+"
"maxCAL","Cal>=3","DSI_score","DSI","no_weight","pearson",0.0752242449376446,0.000187064939685424,0.0136771685551295,0.048417487159107,0.102031002716182,"65+"
"maxCAL","Cal>=3","FSI_score","FSI","no_weight","pearson",0.110878924753838,0.000174941576951399,0.0132265481873163,0.0849553666669147,0.136802482840762,"65+"
"maxCAL","Cal>=4","DS_score","DS","no_weight","pearson",0.0797096490356846,0.000175078456780058,0.0132317216105864,0.053775951225475,0.105643346845894,"65+"
"maxCAL","Cal>=4","FS_score","FS","no_weight","pearson",0.126188317740131,0.000177489687569536,0.0133225255702339,0.100076647439359,0.152299988040904,"65+"
"maxCAL","Cal>=4","DSI_score","DSI","no_weight","pearson",0.0752242449376446,0.000187064939685424,0.0136771685551295,0.048417487159107,0.102031002716182,"65+"
"maxCAL","Cal>=4","FSI_score","FSI","no_weight","pearson",0.110878924753838,0.000174941576951399,0.0132265481873163,0.0849553666669147,0.136802482840762,"65+"
"maxCAL","Cal>=5","DS_score","DS","no_weight","pearson",0.0797096490356846,0.000175078456780058,0.0132317216105864,0.053775951225475,0.105643346845894,"65+"
"maxCAL","Cal>=5","FS_score","FS","no_weight","pearson",0.126188317740131,0.000177489687569536,0.0133225255702339,0.100076647439359,0.152299988040904,"65+"
"maxCAL","Cal>=5","DSI_score","DSI","no_weight","pearson",0.0752242449376446,0.000187064939685424,0.0136771685551295,0.048417487159107,0.102031002716182,"65+"
"maxCAL","Cal>=5","FSI_score","FSI","no_weight","pearson",0.110878924753838,0.000174941576951399,0.0132265481873163,0.0849553666669147,0.136802482840762,"65+"
"maxPD","Pd>=4","DS_score","DS","no_weight","pearson",0.0624463440633544,0.000131971341550329,0.0114878780264385,0.0399305168727458,0.0849621712539629,"65+"
"maxPD","Pd>=4","FS_score","FS","no_weight","pearson",0.217899309704921,0.000162566993676316,0.0127501762213828,0.192909423514471,0.24288919589537,"65+"
"maxPD","Pd>=4","DSI_score","DSI","no_weight","pearson",0.0517225975164683,0.000129335015623265,0.0113725553691009,0.0294327985808429,0.0740123964520937,"65+"
"maxPD","Pd>=4","FSI_score","FSI","no_weight","pearson",0.19473233416547,0.000167577381165357,0.0129451682555831,0.169360270610716,0.220104397720224,"65+"
"maxPD","Pd>=5","DS_score","DS","no_weight","pearson",0.0624463440633544,0.000131971341550329,0.0114878780264385,0.0399305168727458,0.0849621712539629,"65+"
"maxPD","Pd>=5","FS_score","FS","no_weight","pearson",0.217899309704921,0.000162566993676316,0.0127501762213828,0.192909423514471,0.24288919589537,"65+"
"maxPD","Pd>=5","DSI_score","DSI","no_weight","pearson",0.0517225975164683,0.000129335015623265,0.0113725553691009,0.0294327985808429,0.0740123964520937,"65+"
"maxPD","Pd>=5","FSI_score","FSI","no_weight","pearson",0.19473233416547,0.000167577381165357,0.0129451682555831,0.169360270610716,0.220104397720224,"65+"
"maxPD","Pd>=6","DS_score","DS","no_weight","pearson",0.0624463440633544,0.000131971341550329,0.0114878780264385,0.0399305168727458,0.0849621712539629,"65+"
"maxPD","Pd>=6","FS_score","FS","no_weight","pearson",0.217899309704921,0.000162566993676316,0.0127501762213828,0.192909423514471,0.24288919589537,"65+"
"maxPD","Pd>=6","DSI_score","DSI","no_weight","pearson",0.0517225975164683,0.000129335015623265,0.0113725553691009,0.0294327985808429,0.0740123964520937,"65+"
"maxPD","Pd>=6","FSI_score","FSI","no_weight","pearson",0.19473233416547,0.000167577381165357,0.0129451682555831,0.169360270610716,0.220104397720224,"65+"
"maxCAL","Cal>=3","DS_score","DS","CW","pearson",0.0941224914843043,0.000257191992289785,0.0160372064989444,0.0626901443337415,0.125554838634867,"65+"
"maxCAL","Cal>=3","FS_score","FS","CW","pearson",0.0916006578737229,0.000213414054444373,0.014608697903796,0.062968136121257,0.120233179626189,"65+"
"maxCAL","Cal>=3","DSI_score","DSI","CW","pearson",0.0948011975303751,0.000308114266368742,0.0175531839382131,0.0603975891974705,0.12920480586328,"65+"
"maxCAL","Cal>=3","FSI_score","FSI","CW","pearson",0.0784204791715902,0.000202271337141486,0.0142222128074884,0.0505454542884487,0.106295504054732,"65+"
"maxCAL","Cal>=4","DS_score","DS","CW","pearson",0.0941224914843043,0.000257191992289785,0.0160372064989444,0.0626901443337415,0.125554838634867,"65+"
"maxCAL","Cal>=4","FS_score","FS","CW","pearson",0.0916006578737229,0.000213414054444373,0.014608697903796,0.062968136121257,0.120233179626189,"65+"
"maxCAL","Cal>=4","DSI_score","DSI","CW","pearson",0.0948011975303751,0.000308114266368742,0.0175531839382131,0.0603975891974705,0.12920480586328,"65+"
"maxCAL","Cal>=4","FSI_score","FSI","CW","pearson",0.0784204791715902,0.000202271337141486,0.0142222128074884,0.0505454542884487,0.106295504054732,"65+"
"maxCAL","Cal>=5","DS_score","DS","CW","pearson",0.0941224914843043,0.000257191992289785,0.0160372064989444,0.0626901443337415,0.125554838634867,"65+"
"maxCAL","Cal>=5","FS_score","FS","CW","pearson",0.0916006578737229,0.000213414054444373,0.014608697903796,0.062968136121257,0.120233179626189,"65+"
"maxCAL","Cal>=5","DSI_score","DSI","CW","pearson",0.0948011975303751,0.000308114266368742,0.0175531839382131,0.0603975891974705,0.12920480586328,"65+"
"maxCAL","Cal>=5","FSI_score","FSI","CW","pearson",0.0784204791715902,0.000202271337141486,0.0142222128074884,0.0505454542884487,0.106295504054732,"65+"
"maxPD","Pd>=4","DS_score","DS","CW","pearson",0.0686373363280737,0.000160203521254617,0.012657152967971,0.0438297723640363,0.0934449002921111,"65+"
"maxPD","Pd>=4","FS_score","FS","CW","pearson",0.19457091583165,0.000186916876937917,0.0136717547132004,0.167774768988311,0.221367062674988,"65+"
"maxPD","Pd>=4","DSI_score","DSI","CW","pearson",0.0617896167619262,0.000172477058251085,0.0131330521300681,0.0360493075799058,0.0875299259439466,"65+"
"maxPD","Pd>=4","FSI_score","FSI","CW","pearson",0.173550108140214,0.000185144063519927,0.0136067653584505,0.146881338091564,0.200218878188864,"65+"
"maxPD","Pd>=5","DS_score","DS","CW","pearson",0.0686373363280737,0.000160203521254617,0.012657152967971,0.0438297723640363,0.0934449002921111,"65+"
"maxPD","Pd>=5","FS_score","FS","CW","pearson",0.19457091583165,0.000186916876937917,0.0136717547132004,0.167774768988311,0.221367062674988,"65+"
"maxPD","Pd>=5","DSI_score","DSI","CW","pearson",0.0617896167619262,0.000172477058251085,0.0131330521300681,0.0360493075799058,0.0875299259439466,"65+"
"maxPD","Pd>=5","FSI_score","FSI","CW","pearson",0.173550108140214,0.000185144063519927,0.0136067653584505,0.146881338091564,0.200218878188864,"65+"
"maxPD","Pd>=6","DS_score","DS","CW","pearson",0.0686373363280737,0.000160203521254617,0.012657152967971,0.0438297723640363,0.0934449002921111,"65+"
"maxPD","Pd>=6","FS_score","FS","CW","pearson",0.19457091583165,0.000186916876937917,0.0136717547132004,0.167774768988311,0.221367062674988,"65+"
"maxPD","Pd>=6","DSI_score","DSI","CW","pearson",0.0617896167619262,0.000172477058251085,0.0131330521300681,0.0360493075799058,0.0875299259439466,"65+"
"maxPD","Pd>=6","FSI_score","FSI","CW","pearson",0.173550108140214,0.000185144063519927,0.0136067653584505,0.146881338091564,0.200218878188864,"65+"
"maxCAL","Cal>=3","DS_score","DS","PPW","pearson",0.0842793342550783,0.000422551167229324,0.0205560494071532,0.0439902177526321,0.124568450757524,"65+"
"maxCAL","Cal>=3","FS_score","FS","PPW","pearson",0.0779492119472711,6.73378017070457e-05,0.00820596135178845,0.0618658232392381,0.0940326006553041,"65+"
"maxCAL","Cal>=3","DSI_score","DSI","PPW","pearson",0.103715292889231,0.000613498977810747,0.0247689115184892,0.0551691183767327,0.152261467401729,"65+"
"maxCAL","Cal>=3","FSI_score","FSI","PPW","pearson",0.0726047244967665,6.70475721164447e-05,0.00818825818574651,0.056556033356588,0.0886534156369449,"65+"
"maxCAL","Cal>=4","DS_score","DS","PPW","pearson",0.0252998304870679,0.000341351529678218,0.018475701060534,-0.0109118781807072,0.0615115391548431,"65+"
"maxCAL","Cal>=4","FS_score","FS","PPW","pearson",0.119416262178027,0.000114112282182776,0.0106823350529168,0.0984792702035204,0.140353254152534,"65+"
"maxCAL","Cal>=4","DSI_score","DSI","PPW","pearson",0.0369921170442328,0.000591097135324392,0.0243124892868746,-0.0106594863325573,0.0846437204210229,"65+"
"maxCAL","Cal>=4","FSI_score","FSI","PPW","pearson",0.0893297400423078,0.000115872254824884,0.0107643975597747,0.0682319085098785,0.110427571574737,"65+"
"maxCAL","Cal>=5","DS_score","DS","PPW","pearson",0.00603239858131688,0.000343634301753605,0.0185373758054803,-0.0303001903653086,0.0423649875279423,"65+"
"maxCAL","Cal>=5","FS_score","FS","PPW","pearson",0.130976955449285,0.000184738602177336,0.0135918579369171,0.104337403409942,0.157616507488627,"65+"
"maxCAL","Cal>=5","DSI_score","DSI","PPW","pearson",0.0184317827131782,0.000532154704051438,0.0230684785812034,-0.026781604484114,0.0636451699104705,"65+"
"maxCAL","Cal>=5","FSI_score","FSI","PPW","pearson",0.0883916226175031,0.000179262010496608,0.0133888763716978,0.0621499071355161,0.11463333809949,"65+"
"maxPD","Pd>=4","DS_score","DS","PPW","pearson",-0.0210840758512917,0.000268891050272159,0.0163978977394103,-0.0532233648427068,0.0110552131401233,"65+"
"maxPD","Pd>=4","FS_score","FS","PPW","pearson",0.216085270358288,0.000234759961569461,0.0153218785261293,0.186054940271577,0.246115600444999,"65+"
"maxPD","Pd>=4","DSI_score","DSI","PPW","pearson",-0.0179969340250033,0.000433250053346272,0.0208146595779578,-0.0587929171482623,0.0227990490982558,"65+"
"maxPD","Pd>=4","FSI_score","FSI","PPW","pearson",0.168232768550395,0.000219873566237622,0.0148281342804016,0.139170159402884,0.197295377697906,"65+"
"maxPD","Pd>=5","DS_score","DS","PPW","pearson",0.00432016491787647,0.000303803586656814,0.0174299623251691,-0.029841933491345,0.0384822633270979,"65+"
"maxPD","Pd>=5","FS_score","FS","PPW","pearson",0.212129268673995,0.000333849995472591,0.0182715624803297,0.176317664271275,0.247940873076714,"65+"
"maxPD","Pd>=5","DSI_score","DSI","PPW","pearson",0.00245256813400957,0.000444538032102769,0.0210840705771625,-0.0388714508447295,0.0437765871127487,"65+"
"maxPD","Pd>=5","FSI_score","FSI","PPW","pearson",0.178348280091331,0.000297603284798318,0.0172511821275621,0.144536584430569,0.212159975752094,"65+"
"maxPD","Pd>=6","DS_score","DS","PPW","pearson",0.0218790156357476,0.000354004166094974,0.0188149984346259,-0.0149977036652966,0.0587557349367918,"65+"
"maxPD","Pd>=6","FS_score","FS","PPW","pearson",0.21012873454791,0.000365324767777427,0.0191134708459094,0.172667020070371,0.247590449025449,"65+"
"maxPD","Pd>=6","DSI_score","DSI","PPW","pearson",0.0237586311585862,0.000483057947556261,0.0219785792888499,-0.0193185926789176,0.0668358549960899,"65+"
"maxPD","Pd>=6","FSI_score","FSI","PPW","pearson",0.181527319879519,0.000343204241814436,0.0185257723675542,0.145217473253325,0.217837166505713,"65+"
"maxCAL","Cal>=3","DS_score","DS","OPW","pearson",0.10266148112807,0.000421542501444661,0.020531500223916,0.0624204801406185,0.142902482115521,"65+"
"maxCAL","Cal>=3","FS_score","FS","OPW","pearson",0.0564258225127672,0.000105829753079744,0.0102873588971973,0.0362629695782228,0.0765886754473115,"65+"
"maxCAL","Cal>=3","DSI_score","DSI","OPW","pearson",0.120095475010254,0.000651270181338575,0.0255199957158808,0.0700772025215112,0.170113747498997,"65+"
"maxCAL","Cal>=3","FSI_score","FSI","OPW","pearson",0.0483979366243059,0.000107141792508311,0.0103509319632732,0.0281104827698659,0.0686853904787459,"65+"
"maxCAL","Cal>=4","DS_score","DS","OPW","pearson",0.0538960384946523,0.000347910661119282,0.0186523634191295,0.0173380779666061,0.0904539990226986,"65+"
"maxCAL","Cal>=4","FS_score","FS","OPW","pearson",0.115335852655728,0.000154560305573035,0.012432228503894,0.0909691325405231,0.139702572770932,"65+"
"maxCAL","Cal>=4","DSI_score","DSI","OPW","pearson",0.0606195939353989,0.000576249157169416,0.024005190213148,0.0135702856755955,0.107668902195202,"65+"
"maxCAL","Cal>=4","FSI_score","FSI","OPW","pearson",0.0798519529008207,0.000152723281205804,0.0123581261203228,0.0556304707885844,0.104073435013057,"65+"
"maxCAL","Cal>=5","DS_score","DS","OPW","pearson",0.0398519640263932,0.000272831103989346,0.016517599825318,0.00747806325772476,0.0722258647950616,"65+"
"maxCAL","Cal>=5","FS_score","FS","OPW","pearson",0.134389685337877,0.000205527696688629,0.0143362371872339,0.106291176777074,0.162488193898679,"65+"
"maxCAL","Cal>=5","DSI_score","DSI","OPW","pearson",0.0448570460356472,0.000393066555782849,0.0198259061781006,0.00599898396569986,0.0837151081055946,"65+"
"maxCAL","Cal>=5","FSI_score","FSI","OPW","pearson",0.0907971763603728,0.000210254384866838,0.0145001512015164,0.0623774022350155,0.11921695048573,"65+"
"maxPD","Pd>=4","DS_score","DS","OPW","pearson",0.00350463944486278,0.000172571267916697,0.0131366383796121,-0.0222426986571035,0.029251977546829,"65+"
"maxPD","Pd>=4","FS_score","FS","OPW","pearson",0.221660275971268,0.000213128189093881,0.0145989105447592,0.193046937090018,0.250273614852518,"65+"
"maxPD","Pd>=4","DSI_score","DSI","OPW","pearson",0.00520486921861451,0.000240703260583927,0.015514614419441,-0.0252032162775157,0.0356129547147447,"65+"
"maxPD","Pd>=4","FSI_score","FSI","OPW","pearson",0.169403642192181,0.000221029533704499,0.0148670620401107,0.140264736037642,0.198542548346721,"65+"
"maxPD","Pd>=5","DS_score","DS","OPW","pearson",0.0291016547783819,0.000185028656981153,0.0136025239195214,0.00244119779727529,0.0557621117594885,"65+"
"maxPD","Pd>=5","FS_score","FS","OPW","pearson",0.214432432403684,0.000247012632204262,0.0157166355243182,0.183628392817878,0.245236471989491,"65+"
"maxPD","Pd>=5","DSI_score","DSI","OPW","pearson",0.0266760093648924,0.000235149705234217,0.0153345917857052,-0.00337923825271348,0.0567312569824983,"65+"
"maxPD","Pd>=5","FSI_score","FSI","OPW","pearson",0.18090081206916,0.000249408761097714,0.0157926806178595,0.149947726838812,0.211853897299508,"65+"
"maxPD","Pd>=6","DS_score","DS","OPW","pearson",0.0439043341305142,0.000220541551342727,0.0148506414454975,0.0147976117500213,0.0730110565110071,"65+"
"maxPD","Pd>=6","FS_score","FS","OPW","pearson",0.209458372227561,0.00024542411545252,0.0156660178556173,0.17875354144939,0.240163203005732,"65+"
"maxPD","Pd>=6","DSI_score","DSI","OPW","pearson",0.0423070286774059,0.000258317295909548,0.0160722523595652,0.0108059929022193,0.0738080644525926,"65+"
"maxPD","Pd>=6","FSI_score","FSI","OPW","pearson",0.18185655487452,0.000254811623573158,0.0159628200382375,0.150570002507881,0.21314310724116,"65+"
