"K","perio_group","threshold","no_weight","CW","PPW","OPW"
"FS","CAL",3,"0.092 (0.012)","0.072 (0.012)","0.073 (0.008)","0.046 (0.009)"
"FS","CAL",4,"0.092 (0.012)","0.072 (0.012)","0.092 (0.010)","0.084 (0.011)"
"FS","CAL",5,"0.092 (0.012)","0.072 (0.012)","0.078 (0.012)","0.078 (0.012)"
"FS","PD",4,"0.148 (0.012)","0.134 (0.013)","0.147 (0.013)","0.151 (0.013)"
"FS","PD",5,"0.148 (0.012)","0.134 (0.013)","0.124 (0.016)","0.133 (0.014)"
"FS","PD",6,"0.148 (0.012)","0.134 (0.013)","0.123 (0.017)","0.129 (0.014)"
"FSI","CAL",3,"0.070 (0.012)","0.053 (0.012)","0.054 (0.008)","0.014 (0.010)"
"FSI","CAL",4,"0.070 (0.012)","0.053 (0.012)","0.045 (0.010)","0.024 (0.012)"
"FSI","CAL",5,"0.070 (0.012)","0.053 (0.012)","0.020 (0.012)","0.012 (0.013)"
"FSI","PD",4,"0.119 (0.012)","0.107 (0.013)","0.087 (0.012)","0.083 (0.013)"
"FSI","PD",5,"0.119 (0.012)","0.107 (0.013)","0.071 (0.015)","0.075 (0.014)"
"FSI","PD",6,"0.119 (0.012)","0.107 (0.013)","0.084 (0.016)","0.086 (0.014)"
"DS","CAL",3,"0.112 (0.011)","0.116 (0.014)","0.132 (0.015)","0.138 (0.016)"
"DS","CAL",4,"0.112 (0.011)","0.116 (0.014)","0.082 (0.015)","0.103 (0.015)"
"DS","CAL",5,"0.112 (0.011)","0.116 (0.014)","0.076 (0.018)","0.097 (0.015)"
"DS","PD",4,"0.103 (0.009)","0.107 (0.011)","0.067 (0.015)","0.089 (0.013)"
"DS","PD",5,"0.103 (0.009)","0.107 (0.011)","0.069 (0.015)","0.096 (0.013)"
"DS","PD",6,"0.103 (0.009)","0.107 (0.011)","0.090 (0.016)","0.114 (0.014)"
"DSI","CAL",3,"0.097 (0.011)","0.105 (0.013)","0.142 (0.018)","0.142 (0.018)"
"DSI","CAL",4,"0.097 (0.011)","0.105 (0.013)","0.086 (0.017)","0.101 (0.017)"
"DSI","CAL",5,"0.097 (0.011)","0.105 (0.013)","0.077 (0.018)","0.094 (0.015)"
"DSI","PD",4,"0.080 (0.009)","0.088 (0.012)","0.056 (0.017)","0.077 (0.016)"
"DSI","PD",5,"0.080 (0.009)","0.088 (0.012)","0.058 (0.017)","0.083 (0.014)"
"DSI","PD",6,"0.080 (0.009)","0.088 (0.012)","0.085 (0.019)","0.105 (0.015)"
